<?xml version="1.0" encoding="UTF-8" standalone="yes"?>
<addon id="plugin.program.luvarofe" name="LUVAROFE" version="1.0.1" provider-name="luvarofe.wizard">
  <requires>
    <import addon="xbmc.python" version="2.1.0"/>
  </requires>
  <extension point="xbmc.python.pluginsource" library="default.py">
        <provides>executable</provides>
  </extension>
  <extension point="xbmc.addon.metadata">
    <summary lang="en">LUVAROFE</summary>
    <description lang="en">Addon instalador para MiBuild
</description>
    <platform>all</platform>
  </extension>
  
        <extension point="xbmc.addon.repository" name="Mi repositorio">
        <info>https://raw.githubusercontent.com/luvarofe/repo/master/Repositorio/addons.xml</info>
        <checksum>https://raw.githubusercontent.com/luvarofe/repo/master/Repositorio/addons.xml.md5</checksum>
        <datadir zip="true">https://raw.githubusercontent.com/luvarofe/repo/master/Repositorio/</datadir>
    </extension>
	
</addon>
