<?xml version="1.0" encoding="UTF-8" standalone="yes"?>
<addon id="repository.Mirepor" name="[COLOR blue]luvarofe[/COLOR] Repo" version="1.0.1" provider-name="luvf">
    <extension point="xbmc.addon.repository" name="luvarofe">
        <info>https://raw.githubusercontent.com/luvarofe/repo/master/Repositorio/addons.xml</info>
        <checksum>https://raw.githubusercontent.com/luvarofe/repo/master/Repositorio/addons.xml.md5</checksum>
        <datadir zip="true">https://raw.githubusercontent.com/luvarofe/repo/master/Repositorio/</datadir>
    </extension>
    <extension point="xbmc.addon.metadata">
        <summary>luvarofe</summary>
        <description></description>
        <disclaimer></disclaimer>
        <platform>all</platform>
    </extension>
</addon>
